Ürün Adı,Tür,Renk,Tarz,Fiyat
Çocuk Streetwear (Sokak) Siyah Jean,Jean,Siyah,Streetwear (Sokak),519.99
Erkek Classic (Klasik) Antrasit Ceket,Ceket,Antrasit,Classic (Klasik),859.99
Erkek Casual (Günlük) Pembe Kemer,Kemer,Pembe,Casual (Günlük),209.99
Kadın Casual (Günlük) Mavi Pantolon,Pantolon,Mavi,Casual (Günlük),519.99
Genç (Trikotaj/Trend) Bohem Mavi Terlik,Terlik,Mavi,Bohem,199.99
Genç (Trikotaj/Trend) Formal Mor Ceket,Ceket,Mor,Formal,919.99
Bebek Basic Kırmızı T-Shirt,T-Shirt,Kırmızı,Basic,149.99
Kadın Basic Antrasit Elbise,Elbise,Antrasit,Basic,899.99
Bebek Classic (Klasik) Lacivert Jean,Jean,Lacivert,Classic (Klasik),599.99
Genç (Trikotaj/Trend) Formal Sarı Sweatshirt,Sweatshirt,Sarı,Formal,559.99
Genç (Trikotaj/Trend) Classic (Klasik) Mor Gömlek,Gömlek,Mor,Classic (Klasik),489.99
Genç (Trikotaj/Trend) Formal Lacivert Eşofman Alti,Eşofman Alti,Lacivert,Formal,479.99
Genç (Trikotaj/Trend) Streetwear (Sokak) Sarı Çanta,Çanta,Sarı,Streetwear (Sokak),369.99
Kadın Formal Beyaz Pantolon,Pantolon,Beyaz,Formal,489.99
Erkek Bohem Yeşil Pantolon,Pantolon,Yeşil,Bohem,579.99
Çocuk Sportswear (Spor) Mor Elbise,Elbise,Mor,Sportswear (Spor),779.99
Kadın Formal Sarı Sweatshirt,Sweatshirt,Sarı,Formal,669.99
Kadın Streetwear (Sokak) Çok Renkli Pantolon,Pantolon,Çok Renkli,Streetwear (Sokak),599.99
Bebek Formal Mor Hırka,Hırka,Mor,Formal,629.99
Çocuk Casual (Günlük) Yeşil Terlik,Terlik,Yeşil,Casual (Günlük),179.99
Çocuk Bohem Beyaz Ceket,Ceket,Beyaz,Bohem,1959.99
Kadın Basic Lacivert Elbise,Elbise,Lacivert,Basic,699.99
Bebek Retro Kahverengi Mont,Mont,Kahverengi,Retro,2069.99
Kadın Streetwear (Sokak) Haki Kazak,Kazak,Haki,Streetwear (Sokak),729.99
Çocuk Bohem Hardal Terlik,Terlik,Hardal,Bohem,249.99
Çocuk Streetwear (Sokak) Turuncu Kemer,Kemer,Turuncu,Streetwear (Sokak),189.99
Bebek Classic (Klasik) Bordo Kazak,Kazak,Bordo,Classic (Klasik),679.99
Kadın Sportswear (Spor) Gri Gömlek,Gömlek,Gri,Sportswear (Spor),589.99
Erkek Bohem Çok Renkli Pijama Takımı,Pijama Takımı,Çok Renkli,Bohem,709.99
Bebek Formal Çok Renkli Eşofman Alti,Eşofman Alti,Çok Renkli,Formal,429.99
Erkek Formal Siyah Terlik,Terlik,Siyah,Formal,349.99
Çocuk Bohem Gri Şort,Şort,Gri,Bohem,259.99
Erkek Formal Mor Hırka,Hırka,Mor,Formal,449.99
Genç (Trikotaj/Trend) Classic (Klasik) Kırmızı Ayakkabı,Ayakkabı,Kırmızı,Classic (Klasik),729.99
Genç (Trikotaj/Trend) Streetwear (Sokak) Bordo Etek,Etek,Bordo,Streetwear (Sokak),639.99
Kadın Casual (Günlük) Sarı Kazak,Kazak,Sarı,Casual (Günlük),719.99
Bebek Casual (Günlük) Ekru Çanta,Çanta,Ekru,Casual (Günlük),409.99
Çocuk Streetwear (Sokak) Sarı Jean,Jean,Sarı,Streetwear (Sokak),689.99
Genç (Trikotaj/Trend) Classic (Klasik) Yeşil Gömlek,Gömlek,Yeşil,Classic (Klasik),459.99
Genç (Trikotaj/Trend) Classic (Klasik) Mavi Gömlek,Gömlek,Mavi,Classic (Klasik),579.99
Genç (Trikotaj/Trend) Classic (Klasik) çizgili Gömlek,Gömlek,Mavi-Beyaz,Classic (Klasik),499.99
Erkek Sportswear (Spor) Kahverengi Pantolon,Pantolon,Kahverengi,Sportswear (Spor),729.99
Genç (Trikotaj/Trend) Sportswear (Spor) Kahverengi Kazak,Kazak,Kahverengi,Sportswear (Spor),579.99
Genç (Trikotaj/Trend) Bohem Bordo Elbise,Elbise,Bordo,Bohem,509.99
Kadın Formal Hardal Mont,Mont,Hardal,Formal,1049.99
Bebek Retro Sarı Eşofman Alti,Eşofman Alti,Sarı,Retro,449.99
Kadın Classic (Klasik) Yeşil Jean,Jean,Yeşil,Classic (Klasik),759.99
Genç (Trikotaj/Trend) Streetwear (Sokak) Siyah Şort,Şort,Siyah,Streetwear (Sokak),359.99
Erkek Classic (Klasik) Yeşil Kemer,Kemer,Yeşil,Classic (Klasik),249.99
Erkek Casual (Günlük) Yeşil Gömlek,Gömlek,Yeşil,Casual (Günlük),649.99
Genç (Trikotaj/Trend) Streetwear (Sokak) Lacivert Şort,Şort,Lacivert,Streetwear (Sokak),389.99
Kadın Sportswear (Spor) Kahverengi Elbise,Elbise,Kahverengi,Sportswear (Spor),619.99
Bebek Streetwear (Sokak) Turkuaz Kemer,Kemer,Turkuaz,Streetwear (Sokak),329.99
Kadın Classic (Klasik) Pembe İç Çamaşırı,İç Çamaşırı,Pembe,Classic (Klasik),319.99
Çocuk Bohem Pembe Jean,Jean,Pembe,Bohem,599.99
Erkek Classic (Klasik) Mor Pijama Takımı,Pijama Takımı,Mor,Classic (Klasik),389.99
Çocuk Classic (Klasik) Turuncu Gömlek,Gömlek,Turuncu,Classic (Klasik),339.99
Kadın Retro Mavi Ceket,Ceket,Mavi,Retro,1209.99
Kadın Formal Pembe Kazak,Kazak,Pembe,Formal,509.99
Erkek Retro Yeşil Çorap,Çorap,Yeşil,Retro,79.99
Erkek Casual (Günlük) Gri Terlik,Terlik,Gri,Casual (Günlük),189.99
Kadın Bohem Yeşil Pantolon,Pantolon,Yeşil,Bohem,749.99
Kadın Bohem Kahverengi İç Çamaşırı,İç Çamaşırı,Kahverengi,Bohem,369.99
Bebek Casual (Günlük) Kırmızı Gömlek,Gömlek,Kırmızı,Casual (Günlük),629.99
Bebek Formal Haki Eşofman Alti,Eşofman Alti,Haki,Formal,449.99
Bebek Sportswear (Spor) Hardal Pijama Takımı,Pijama Takımı,Hardal,Sportswear (Spor),409.99
Kadın Casual (Günlük) Bej Mont,Mont,Bej,Casual (Günlük),2149.99
Erkek Basic Hardal Kemer,Kemer,Hardal,Basic,149.99
Genç (Trikotaj/Trend) Retro Beyaz Gömlek,Gömlek,Beyaz,Retro,309.99
Kadın Casual (Günlük) Bordo Ayakkabı,Ayakkabı,Bordo,Casual (Günlük),1039.99
Kadın Classic (Klasik) Lacivert Ayakkabı,Ayakkabı,Lacivert,Classic (Klasik),1109.99
Kadın Bohem Lacivert Çanta,Çanta,Lacivert,Bohem,559.99
Kadın Casual (Günlük) Turkuaz Jean,Jean,Turkuaz,Casual (Günlük),699.99
Bebek Basic Lacivert Çanta,Çanta,Lacivert,Basic,419.99
Çocuk Streetwear (Sokak) Mavi Elbise,Elbise,Mavi,Streetwear (Sokak),619.99
Kadın Formal Turuncu Elbise,Elbise,Turuncu,Formal,469.99
Erkek Casual (Günlük) Ekru Çorap,Çorap,Ekru,Casual (Günlük),109.99
Genç (Trikotaj/Trend) Classic (Klasik) Çok Renkli Çorap,Çorap,Çok Renkli,Classic (Klasik),139.99
Kadın Formal Hardal Pantolon,Pantolon,Hardal,Formal,719.99
Erkek Streetwear (Sokak) Sarı Kazak,Kazak,Sarı,Streetwear (Sokak),409.99
Kadın Retro Bej Sweatshirt,Sweatshirt,Bej,Retro,509.99
Genç (Trikotaj/Trend) Casual (Günlük) Bej Terlik,Terlik,Bej,Casual (Günlük),239.99
Erkek Sportswear (Spor) Bej Terlik,Terlik,Bej,Sportswear (Spor),219.99
Erkek Sportswear (Spor) Gri Elbise,Elbise,Gri,Sportswear (Spor),539.99
Genç (Trikotaj/Trend) Streetwear (Sokak) Bej Elbise,Elbise,Bej,Streetwear (Sokak),649.99
Çocuk Retro Mavi Şort,Şort,Mavi,Retro,259.99
Erkek Bohem Beyaz Elbise,Elbise,Beyaz,Bohem,639.99
Erkek Basic Beyaz Elbise,Elbise,Beyaz,Basic,669.99
Kadın Retro Haki Kazak,Kazak,Haki,Retro,639.99
Genç (Trikotaj/Trend) Casual (Günlük) Pembe Terlik,Terlik,Pembe,Casual (Günlük),279.99
Kadın Casual (Günlük) Lacivert Jean,Jean,Lacivert,Casual (Günlük),869.99
Genç (Trikotaj/Trend) Sportswear (Spor) Turkuaz Sweatshirt,Sweatshirt,Turkuaz,Sportswear (Spor),369.99
Erkek Formal Antrasit Pijama Takımı,Pijama Takımı,Antrasit,Formal,359.99
Çocuk Streetwear (Sokak) Beyaz Sweatshirt,Sweatshirt,Beyaz,Streetwear (Sokak),419.99
Çocuk Bohem Gri Ceket,Ceket,Gri,Bohem,1349.99
Kadın Sportswear (Spor) Antrasit Çanta,Çanta,Antrasit,Sportswear (Spor),679.99
Erkek Sportswear (Spor) Pembe Hırka,Hırka,Pembe,Sportswear (Spor),429.99
Kadın Formal Pembe Şort,Şort,Pembe,Formal,369.99
Bebek Casual (Günlük) Gri Hırka,Hırka,Gri,Casual (Günlük),619.99
Kadın Retro Yeşil İç Çamaşırı,İç Çamaşırı,Yeşil,Retro,389.99
Kadın Streetwear (Sokak) Bej Sweatshirt,Sweatshirt,Bej,Streetwear (Sokak),529.99
Bebek Basic Mavi T-Shirt,T-Shirt,Mavi,Basic,259.99
Çocuk Basic Lacivert Elbise,Elbise,Lacivert,Basic,969.99
Genç (Trikotaj/Trend) Basic Turuncu Ayakkabı,Ayakkabı,Turuncu,Basic,969.99
Çocuk Sportswear (Spor) Gri T-Shirt,T-Shirt,Gri,Sportswear (Spor),289.99
Erkek Classic (Klasik) Haki Kemer,Kemer,Haki,Classic (Klasik),219.99
Çocuk Basic Pembe Çanta,Çanta,Pembe,Basic,369.99
Genç (Trikotaj/Trend) Classic (Klasik) Çok Renkli Pijama Takımı,Pijama Takımı,Çok Renkli,Classic (Klasik),579.99
Kadın Formal Turkuaz Eşofman Alti,Eşofman Alti,Turkuaz,Formal,439.99
Erkek Streetwear (Sokak) Pembe Gömlek,Gömlek,Pembe,Streetwear (Sokak),619.99
Erkek Basic Pembe Sweatshirt,Sweatshirt,Pembe,Basic,509.99
Erkek Formal Ekru Çanta,Çanta,Ekru,Formal,549.99
Bebek Basic Bej Ayakkabı,Ayakkabı,Bej,Basic,1229.99
Genç (Trikotaj/Trend) Sportswear (Spor) Bej Eşofman Alti,Eşofman Alti,Bej,Sportswear (Spor),309.99
Bebek Sportswear (Spor) Pembe Mont,Mont,Pembe,Sportswear (Spor),1639.99
Çocuk Bohem Turkuaz Çanta,Çanta,Turkuaz,Bohem,509.99
Çocuk Formal Siyah Terlik,Terlik,Siyah,Formal,179.99
Genç (Trikotaj/Trend) Basic Pembe Mont,Mont,Pembe,Basic,919.99
Bebek Streetwear (Sokak) Mor Çorap,Çorap,Mor,Streetwear (Sokak),139.99
Kadın Classic (Klasik) Kahverengi Ayakkabı,Ayakkabı,Kahverengi,Classic (Klasik),1059.99
Genç (Trikotaj/Trend) Basic Bordo Etek,Etek,Bordo,Basic,359.99
Çocuk Streetwear (Sokak) Yeşil Pantolon,Pantolon,Yeşil,Streetwear (Sokak),809.99
Erkek Casual (Günlük) Antrasit Mont,Mont,Antrasit,Casual (Günlük),1479.99
Genç (Trikotaj/Trend) Classic (Klasik) Kahverengi Ceket,Ceket,Kahverengi,Classic (Klasik),1349.99
Genç (Trikotaj/Trend) Streetwear (Sokak) Pembe Çorap,Çorap,Pembe,Streetwear (Sokak),139.99
Bebek Streetwear (Sokak) Kahverengi Eşofman Alti,Eşofman Alti,Kahverengi,Streetwear (Sokak),519.99
Erkek Bohem Siyah Kazak,Kazak,Siyah,Bohem,609.99
Genç (Trikotaj/Trend) Retro Kırmızı Ceket,Ceket,Kırmızı,Retro,1149.99
Kadın Classic (Klasik) Hardal Gömlek,Gömlek,Hardal,Classic (Klasik),559.99
Bebek Basic Antrasit Çorap,Çorap,Antrasit,Basic,69.99
Genç (Trikotaj/Trend) Bohem Çok Renkli Çorap,Çorap,Çok Renkli,Bohem,129.99
Kadın Retro Mor Terlik,Terlik,Mor,Retro,369.99
Kadın Formal Haki Çorap,Çorap,Haki,Formal,69.99
Kadın Formal Kahverengi Ayakkabı,Ayakkabı,Kahverengi,Formal,919.99
Çocuk Streetwear (Sokak) Lacivert Çorap,Çorap,Lacivert,Streetwear (Sokak),139.99
Çocuk Classic (Klasik) Ekru Elbise,Elbise,Ekru,Classic (Klasik),819.99
Kadın Bohem Antrasit Kazak,Kazak,Antrasit,Bohem,349.99
Erkek Bohem Mavi Kazak,Kazak,Mavi,Bohem,439.99
Genç (Trikotaj/Trend) Retro Ekru Pijama Takımı,Pijama Takımı,Ekru,Retro,729.99
Kadın Bohem Beyaz Pijama Takımı,Pijama Takımı,Beyaz,Bohem,569.99
Erkek Bohem Turkuaz Eşofman Alti,Eşofman Alti,Turkuaz,Bohem,499.99
Çocuk Formal Siyah İç Çamaşırı,İç Çamaşırı,Siyah,Formal,539.99
Genç (Trikotaj/Trend) Streetwear (Sokak) Pembe Eşofman Alti,Eşofman Alti,Pembe,Streetwear (Sokak),589.99
Çocuk Bohem Yeşil İç Çamaşırı,İç Çamaşırı,Yeşil,Bohem,259.99
Bebek Basic Siyah İç Çamaşırı,İç Çamaşırı,Siyah,Basic,479.99
Bebek Sportswear (Spor) Kırmızı Eşofman Alti,Eşofman Alti,Kırmızı,Sportswear (Spor),539.99
Erkek Bohem Hardal Çanta,Çanta,Hardal,Bohem,649.99
Erkek Classic (Klasik) Turkuaz Kemer,Kemer,Turkuaz,Classic (Klasik),279.99
Bebek Sportswear (Spor) Antrasit Pijama Takımı,Pijama Takımı,Antrasit,Sportswear (Spor),449.99
Bebek Basic Haki Gömlek,Gömlek,Haki,Basic,449.99
Çocuk Basic Mor Mont,Mont,Mor,Basic,1859.99
Bebek Formal Haki Eşofman Alti,Eşofman Alti,Haki,Formal,449.99
Erkek Casual (Günlük) Kahverengi Pantolon,Pantolon,Kahverengi,Casual (Günlük),799.99
Erkek Casual (Günlük) Yeşil Sweatshirt,Sweatshirt,Yeşil,Casual (Günlük),399.99
Kadın Casual (Günlük) Yeşil T-Shirt,T-Shirt,Yeşil,Casual (Günlük),229.99
Kadın Sportswear (Spor) Antrasit Çanta,Çanta,Antrasit,Sportswear (Spor),679.99
Genç (Trikotaj/Trend) Streetwear (Sokak) Gri İç Çamaşırı,İç Çamaşırı,Gri,Streetwear (Sokak),299.99
Çocuk Sportswear (Spor) Haki Çorap,Çorap,Haki,Sportswear (Spor),129.99
Erkek Sportswear (Spor) Çok Renkli Çanta,Çanta,Çok Renkli,Sportswear (Spor),699.99
Genç (Trikotaj/Trend) Casual (Günlük) Gri Etek,Etek,Gri,Casual (Günlük),489.99
Bebek Bohem Turkuaz Etek,Etek,Turkuaz,Bohem,369.99
Genç (Trikotaj/Trend) Streetwear (Sokak) Lacivert Mont,Mont,Lacivert,Streetwear (Sokak),2119.99
Genç (Trikotaj/Trend) Classic (Klasik) Bej Jean,Jean,Bej,Classic (Klasik),619.99
Çocuk Bohem Beyaz Kemer,Kemer,Beyaz,Bohem,219.99
Genç (Trikotaj/Trend) Basic Lacivert Sweatshirt,Sweatshirt,Lacivert,Basic,459.99
Bebek Classic (Klasik) Pembe T-Shirt,T-Shirt,Pembe,Classic (Klasik),179.99
Bebek Sportswear (Spor) Sarı Pijama Takımı,Pijama Takımı,Sarı,Sportswear (Spor),559.99
Genç (Trikotaj/Trend) Formal Kırmızı Pijama Takımı,Pijama Takımı,Kırmızı,Formal,359.99
Bebek Retro Hardal Çanta,Çanta,Hardal,Retro,479.99
Çocuk Basic Turkuaz Pijama Takımı,Pijama Takımı,Turkuaz,Basic,519.99
Çocuk Retro Lacivert Ceket,Ceket,Lacivert,Retro,1629.99
Genç (Trikotaj/Trend) Bohem Mor Ceket,Ceket,Mor,Bohem,1799.99
Bebek Basic Siyah Şort,Şort,Siyah,Basic,269.99
Kadın Basic Kahverengi Hırka,Hırka,Kahverengi,Basic,719.99
Çocuk Formal Ekru Elbise,Elbise,Ekru,Formal,839.99
Genç (Trikotaj/Trend) Streetwear (Sokak) Siyah Terlik,Terlik,Siyah,Streetwear (Sokak),299.99
Bebek Retro Yeşil Pantolon,Pantolon,Yeşil,Retro,659.99
Bebek Retro Yeşil Terlik,Terlik,Yeşil,Retro,199.99
Erkek Formal Siyah Çorap,Çorap,Siyah,Formal,89.99
Kadın Formal Turuncu Ceket,Ceket,Turuncu,Formal,1819.99
Bebek Basic Sarı Kemer,Kemer,Sarı,Basic,219.99
Çocuk Basic Hardal Pijama Takımı,Pijama Takımı,Hardal,Basic,689.99
Çocuk Formal Haki Çorap,Çorap,Haki,Formal,99.99
Kadın Basic Gri Ceket,Ceket,Gri,Basic,1529.99
Kadın Streetwear (Sokak) Hardal Jean,Jean,Hardal,Streetwear (Sokak),659.99
Çocuk Formal Kahverengi Mont,Mont,Kahverengi,Formal,1509.99
Çocuk Streetwear (Sokak) Mavi Jean,Jean,Mavi,Streetwear (Sokak),519.99
Çocuk Casual (Günlük) Kırmızı Sweatshirt,Sweatshirt,Kırmızı,Casual (Günlük),569.99
Çocuk Casual (Günlük) Antrasit Terlik,Terlik,Antrasit,Casual (Günlük),359.99
Çocuk Sportswear (Spor) Hardal Gömlek,Gömlek,Hardal,Sportswear (Spor),619.99
Erkek Formal Gri İç Çamaşırı,İç Çamaşırı,Gri,Formal,309.99
Bebek Basic Kahverengi İç Çamaşırı,İç Çamaşırı,Kahverengi,Basic,349.99
Çocuk Retro Beyaz Hırka,Hırka,Beyaz,Retro,499.99
Bebek Retro Lacivert Jean,Jean,Lacivert,Retro,609.99
Erkek Sportswear (Spor) Turkuaz Pantolon,Pantolon,Turkuaz,Sportswear (Spor),829.99
Çocuk Classic (Klasik) Turkuaz Kazak,Kazak,Turkuaz,Classic (Klasik),449.99
Genç (Trikotaj/Trend) Bohem Gri Ceket,Ceket,Gri,Bohem,999.99
Genç (Trikotaj/Trend) Streetwear (Sokak) Çok Renkli Çanta,Çanta,Çok Renkli,Streetwear (Sokak),489.99
Bebek Retro Turuncu Ayakkabı,Ayakkabı,Turuncu,Retro,759.99
Bebek Formal Turkuaz Etek,Etek,Turkuaz,Formal,679.99
Erkek Classic (Klasik) Çok Renkli Kemer,Kemer,Çok Renkli,Classic (Klasik),249.99
Çocuk Classic (Klasik) Mavi Mont,Mont,Mavi,Classic (Klasik),1339.99
Kadın Classic (Klasik) Yeşil Hırka,Hırka,Yeşil,Classic (Klasik),659.99
Bebek Retro Siyah Hırka,Hırka,Siyah,Retro,539.99
Çocuk Casual (Günlük) Kahverengi Çanta,Çanta,Kahverengi,Casual (Günlük),439.99
Çocuk Retro Bej Ceket,Ceket,Bej,Retro,1489.99
Çocuk Streetwear (Sokak) Yeşil Pantolon,Pantolon,Yeşil,Streetwear (Sokak),809.99
Genç (Trikotaj/Trend) Streetwear (Sokak) Gri Pijama Takımı,Pijama Takımı,Gri,Streetwear (Sokak),729.99
Kadın Classic (Klasik) Haki Kazak,Kazak,Haki,Classic (Klasik),589.99
Çocuk Formal Kırmızı Gömlek,Gömlek,Kırmızı,Formal,549.99
Bebek Formal Gri Çorap,Çorap,Gri,Formal,119.99
Genç (Trikotaj/Trend) Retro Haki Eşofman Alti,Eşofman Alti,Haki,Retro,359.99
Genç (Trikotaj/Trend) Casual (Günlük) Lacivert Çorap,Çorap,Lacivert,Casual (Günlük),69.99
Genç (Trikotaj/Trend) Formal Ekru Pijama Takımı,Pijama Takımı,Ekru,Formal,709.99
Kadın Casual (Günlük) Lacivert T-Shirt,T-Shirt,Lacivert,Casual (Günlük),279.99
Erkek Sportswear (Spor) Turkuaz Elbise,Elbise,Turkuaz,Sportswear (Spor),719.99
Bebek Formal Bordo İç Çamaşırı,İç Çamaşırı,Bordo,Formal,229.99
Bebek Retro Turkuaz Hırka,Hırka,Turkuaz,Retro,569.99
Çocuk Bohem Kahverengi Pantolon,Pantolon,Kahverengi,Bohem,709.99
Erkek Sportswear (Spor) Ekru Şort,Şort,Ekru,Sportswear (Spor),389.99
Bebek Formal Pembe Şort,Şort,Pembe,Formal,229.99
Erkek Retro Hardal Eşofman Alti,Eşofman Alti,Hardal,Retro,359.99
Çocuk Basic Ekru Pantolon,Pantolon,Ekru,Basic,419.99
Genç (Trikotaj/Trend) Casual (Günlük) Turuncu Jean,Jean,Turuncu,Casual (Günlük),499.99
Bebek Casual (Günlük) Mor Terlik,Terlik,Mor,Casual (Günlük),339.99
Çocuk Retro Bordo Mont,Mont,Bordo,Retro,1899.99
Kadın Formal Beyaz Çorap,Çorap,Beyaz,Formal,129.99
Çocuk Retro Antrasit Terlik,Terlik,Antrasit,Retro,169.99
Erkek Streetwear (Sokak) Gri İç Çamaşırı,İç Çamaşırı,Gri,Streetwear (Sokak),489.99
Genç (Trikotaj/Trend) Casual (Günlük) Bej Hırka,Hırka,Bej,Casual (Günlük),449.99
Erkek Streetwear (Sokak) Pembe Terlik,Terlik,Pembe,Streetwear (Sokak),199.99
Erkek Sportswear (Spor) Mor Jean,Jean,Mor,Sportswear (Spor),869.99
Genç (Trikotaj/Trend) Formal Bej İç Çamaşırı,İç Çamaşırı,Bej,Formal,439.99
Bebek Streetwear (Sokak) Kahverengi Pijama Takımı,Pijama Takımı,Kahverengi,Streetwear (Sokak),639.99
Kadın Bohem Hardal Çorap,Çorap,Hardal,Bohem,69.99
Genç (Trikotaj/Trend) Sportswear (Spor) Çok Renkli Mont,Mont,Çok Renkli,Sportswear (Spor),919.99
Bebek Basic Haki Pantolon,Pantolon,Haki,Basic,539.99
Erkek Formal Haki Ayakkabı,Ayakkabı,Haki,Formal,1239.99
Genç (Trikotaj/Trend) Retro Turkuaz Etek,Etek,Turkuaz,Retro,399.99
Genç (Trikotaj/Trend) Retro Mor Kazak,Kazak,Mor,Retro,669.99
Genç (Trikotaj/Trend) Bohem Ekru Sweatshirt,Sweatshirt,Ekru,Bohem,539.99
Kadın Streetwear (Sokak) Ekru Çorap,Çorap,Ekru,Streetwear (Sokak),99.99
Kadın Bohem Turuncu Kemer,Kemer,Turuncu,Bohem,349.99
Bebek Bohem Ekru Gömlek,Gömlek,Ekru,Bohem,319.99
Bebek Casual (Günlük) Antrasit Eşofman Alti,Eşofman Alti,Antrasit,Casual (Günlük),499.99
Genç (Trikotaj/Trend) Basic Bordo Kazak,Kazak,Bordo,Basic,469.99
Erkek Retro Mor Jean,Jean,Mor,Retro,769.99
Bebek Sportswear (Spor) Antrasit T-Shirt,T-Shirt,Antrasit,Sportswear (Spor),259.99
Çocuk Basic Kahverengi Pantolon,Pantolon,Kahverengi,Basic,549.99
Erkek Basic Turuncu Çanta,Çanta,Turuncu,Basic,699.99
Çocuk Retro Turuncu Terlik,Terlik,Turuncu,Retro,319.99
Genç (Trikotaj/Trend) Classic (Klasik) Beyaz Terlik,Terlik,Beyaz,Classic (Klasik),189.99
Kadın Classic (Klasik) Bej Ceket,Ceket,Bej,Classic (Klasik),1929.99
Erkek Retro Gri Pijama Takımı,Pijama Takımı,Gri,Retro,429.99
Erkek Casual (Günlük) Bej Hırka,Hırka,Bej,Casual (Günlük),499.99
Çocuk Basic Beyaz Şort,Şort,Beyaz,Basic,419.99
Kadın Streetwear (Sokak) Pembe Sweatshirt,Sweatshirt,Pembe,Streetwear (Sokak),689.99
Genç (Trikotaj/Trend) Sportswear (Spor) Pembe Ayakkabı,Ayakkabı,Pembe,Sportswear (Spor),799.99
Erkek Bohem Kırmızı Hırka,Hırka,Kırmızı,Bohem,739.99
Bebek Sportswear (Spor) Yeşil Çanta,Çanta,Yeşil,Sportswear (Spor),669.99
Çocuk Retro Mor Ceket,Ceket,Mor,Retro,1539.99
Bebek Formal Siyah Elbise,Elbise,Siyah,Formal,589.99
Erkek Retro Kırmızı Terlik,Terlik,Kırmızı,Retro,239.99
Çocuk Bohem Turkuaz Sweatshirt,Sweatshirt,Turkuaz,Bohem,489.99
Çocuk Streetwear (Sokak) Mor Elbise,Elbise,Mor,Streetwear (Sokak),449.99
Erkek Streetwear (Sokak) Kahverengi Eşofman Alti,Eşofman Alti,Kahverengi,Streetwear (Sokak),559.99
Çocuk Formal Turkuaz Eşofman Alti,Eşofman Alti,Turkuaz,Formal,579.99
Bebek Formal Siyah Etek,Etek,Siyah,Formal,549.99
Erkek Retro Turkuaz T-Shirt,T-Shirt,Turkuaz,Retro,269.99
Genç (Trikotaj/Trend) Basic Yeşil Etek,Etek,Yeşil,Basic,699.99
Genç (Trikotaj/Trend) Formal Mavi Ceket,Ceket,Mavi,Formal,1009.99
Erkek Formal Gri Kazak,Kazak,Gri,Formal,369.99
Genç (Trikotaj/Trend) Basic Beyaz Çorap,Çorap,Beyaz,Basic,89.99
Çocuk Basic Lacivert Kazak,Kazak,Lacivert,Basic,719.99
Kadın Sportswear (Spor) Kırmızı Pijama Takımı,Pijama Takımı,Kırmızı,Sportswear (Spor),539.99
Genç (Trikotaj/Trend) Formal Sarı Terlik,Terlik,Sarı,Formal,179.99
Bebek Formal Haki Hırka,Hırka,Haki,Formal,399.99
Bebek Classic (Klasik) Gri Şort,Şort,Gri,Classic (Klasik),389.99
Bebek Basic Yeşil Kazak,Kazak,Yeşil,Basic,539.99
Erkek Formal Turuncu Pantolon,Pantolon,Turuncu,Formal,519.99
Bebek Basic Gri Terlik,Terlik,Gri,Basic,309.99
Bebek Basic Turkuaz Elbise,Elbise,Turkuaz,Basic,899.99
Bebek Casual (Günlük) Yeşil Jean,Jean,Yeşil,Casual (Günlük),509.99
Çocuk Streetwear (Sokak) Hardal Çanta,Çanta,Hardal,Streetwear (Sokak),329.99
Çocuk Bohem Mor Pantolon,Pantolon,Mor,Bohem,499.99
Erkek Casual (Günlük) Antrasit Jean,Jean,Antrasit,Casual (Günlük),609.99
Erkek Classic (Klasik) Kahverengi Etek,Etek,Kahverengi,Classic (Klasik),389.99
Kadın Bohem Hardal Ceket,Ceket,Hardal,Bohem,1719.99
Genç (Trikotaj/Trend) Bohem Sarı Çorap,Çorap,Sarı,Bohem,69.99
Bebek Classic (Klasik) Antrasit Kemer,Kemer,Antrasit,Classic (Klasik),219.99
Bebek Formal Çok Renkli İç Çamaşırı,İç Çamaşırı,Çok Renkli,Formal,409.99
Kadın Retro Sarı Gömlek,Gömlek,Sarı,Retro,499.99
Çocuk Classic (Klasik) Yeşil Çorap,Çorap,Yeşil,Classic (Klasik),129.99
Çocuk Casual (Günlük) Hardal Sweatshirt,Sweatshirt,Hardal,Casual (Günlük),489.99
Kadın Classic (Klasik) Haki Eşofman Alti,Eşofman Alti,Haki,Classic (Klasik),339.99
Kadın Casual (Günlük) Lacivert Çorap,Çorap,Lacivert,Casual (Günlük),129.99
Kadın Sportswear (Spor) Ekru Gömlek,Gömlek,Ekru,Sportswear (Spor),399.99
Erkek Streetwear (Sokak) Mavi Kemer,Kemer,Mavi,Streetwear (Sokak),339.99
Kadın Basic Mavi Kemer,Kemer,Mavi,Basic,339.99
Erkek Formal Çok Renkli Kazak,Kazak,Çok Renkli,Formal,489.99
Genç (Trikotaj/Trend) Formal Antrasit Kazak,Kazak,Antrasit,Formal,369.99
Erkek Sportswear (Spor) Gri Hırka,Hırka,Gri,Sportswear (Spor),379.99
Kadın Basic Sarı T-Shirt,T-Shirt,Sarı,Basic,309.99
Çocuk Casual (Günlük) Kırmızı T-Shirt,T-Shirt,Kırmızı,Casual (Günlük),249.99
Genç (Trikotaj/Trend) Classic (Klasik) Pembe Kazak,Kazak,Pembe,Classic (Klasik),669.99
Bebek Basic Kahverengi Pantolon,Pantolon,Kahverengi,Basic,809.99
Erkek Retro Turkuaz Ayakkabı,Ayakkabı,Turkuaz,Retro,659.99
Genç (Trikotaj/Trend) Casual (Günlük) Yeşil Ayakkabı,Ayakkabı,Yeşil,Casual (Günlük),719.99
Bebek Casual (Günlük) Bej Ayakkabı,Ayakkabı,Bej,Casual (Günlük),1219.99
Bebek Bohem Kahverengi Gömlek,Gömlek,Kahverengi,Bohem,329.99
Bebek Classic (Klasik) Kahverengi Jean,Jean,Kahverengi,Classic (Klasik),509.99
Genç (Trikotaj/Trend) Sportswear (Spor) Ekru Pantolon,Pantolon,Ekru,Sportswear (Spor),459.99
Çocuk Basic Antrasit Pantolon,Pantolon,Antrasit,Basic,849.99
Genç (Trikotaj/Trend) Formal Çok Renkli Eşofman Alti,Eşofman Alti,Çok Renkli,Formal,509.99
Genç (Trikotaj/Trend) Bohem Bordo Çorap,Çorap,Bordo,Bohem,89.99
Genç (Trikotaj/Trend) Streetwear (Sokak) Gri Jean,Jean,Gri,Streetwear (Sokak),499.99
Kadın Bohem Mor Pijama Takımı,Pijama Takımı,Mor,Bohem,459.99
Bebek Bohem Mor Şort,Şort,Mor,Bohem,399.99
Bebek Basic Ekru Jean,Jean,Ekru,Basic,729.99
Kadın Retro Sarı Elbise,Elbise,Sarı,Retro,549.99
Erkek Classic (Klasik) Lacivert Pantolon,Pantolon,Lacivert,Classic (Klasik),439.99
Çocuk Sportswear (Spor) Gri Pijama Takımı,Pijama Takımı,Gri,Sportswear (Spor),589.99
Genç (Trikotaj/Trend) Basic Beyaz Terlik,Terlik,Beyaz,Basic,209.99
Çocuk Bohem Pembe Jean,Jean,Pembe,Bohem,599.99
Genç (Trikotaj/Trend) Formal Bej Gömlek,Gömlek,Bej,Formal,469.99
Genç (Trikotaj/Trend) Streetwear (Sokak) Gri Sweatshirt,Sweatshirt,Gri,Streetwear (Sokak),429.99
Kadın Classic (Klasik) Kahverengi Kazak,Kazak,Kahverengi,Classic (Klasik),529.99
Çocuk Classic (Klasik) Hardal Sweatshirt,Sweatshirt,Hardal,Classic (Klasik),519.99
Kadın Bohem Turkuaz Elbise,Elbise,Turkuaz,Bohem,469.99
Genç (Trikotaj/Trend) Casual (Günlük) Çok Renkli Terlik,Terlik,Çok Renkli,Casual (Günlük),369.99
Erkek Sportswear (Spor) Haki Çanta,Çanta,Haki,Sportswear (Spor),389.99
Çocuk Basic Bej Elbise,Elbise,Bej,Basic,479.99
Kadın Bohem Kırmızı T-Shirt,T-Shirt,Kırmızı,Bohem,309.99
Erkek Classic (Klasik) Antrasit Pantolon,Pantolon,Antrasit,Classic (Klasik),649.99
Bebek Bohem Mavi Ayakkabı,Ayakkabı,Mavi,Bohem,1359.99
Kadın Basic Ekru Çorap,Çorap,Ekru,Basic,99.99
Genç (Trikotaj/Trend) Classic (Klasik) Ekru Etek,Etek,Ekru,Classic (Klasik),639.99
Kadın Casual (Günlük) Antrasit Gömlek,Gömlek,Antrasit,Casual (Günlük),329.99
Bebek Bohem Haki Pantolon,Pantolon,Haki,Bohem,609.99
Bebek Bohem Çok Renkli İç Çamaşırı,İç Çamaşırı,Çok Renkli,Bohem,329.99
Genç (Trikotaj/Trend) Classic (Klasik) Mavi Elbise,Elbise,Mavi,Classic (Klasik),559.99
Erkek Formal Pembe Sweatshirt,Sweatshirt,Pembe,Formal,409.99
Genç (Trikotaj/Trend) Formal Kahverengi Kemer,Kemer,Kahverengi,Formal,269.99
Bebek Casual (Günlük) Yeşil Gömlek,Gömlek,Yeşil,Casual (Günlük),389.99
Çocuk Streetwear (Sokak) Mavi T-Shirt,T-Shirt,Mavi,Streetwear (Sokak),169.99
Çocuk Basic Haki Kazak,Kazak,Haki,Basic,639.99
Bebek Bohem Siyah Jean,Jean,Siyah,Bohem,579.99
Bebek Streetwear (Sokak) Antrasit Hırka,Hırka,Antrasit,Streetwear (Sokak),579.99
Çocuk Classic (Klasik) Hardal Ayakkabı,Ayakkabı,Hardal,Classic (Klasik),1269.99
Bebek Casual (Günlük) Beyaz Eşofman Alti,Eşofman Alti,Beyaz,Casual (Günlük),409.99
Çocuk Bohem Lacivert Çorap,Çorap,Lacivert,Bohem,79.99
Bebek Formal Turuncu Kemer,Kemer,Turuncu,Formal,169.99
Erkek Basic Turuncu Jean,Jean,Turuncu,Basic,829.99
Bebek Basic Çok Renkli Hırka,Hırka,Çok Renkli,Basic,549.99
Erkek Streetwear (Sokak) Pembe Pantolon,Pantolon,Pembe,Streetwear (Sokak),409.99
Bebek Classic (Klasik) Turkuaz Pijama Takımı,Pijama Takımı,Turkuaz,Classic (Klasik),599.99
Çocuk Streetwear (Sokak) Bej Eşofman Alti,Eşofman Alti,Bej,Streetwear (Sokak),529.99
Erkek Classic (Klasik) Kırmızı Şort,Şort,Kırmızı,Classic (Klasik),379.99
Kadın Basic Bordo Ayakkabı,Ayakkabı,Bordo,Basic,869.99
Kadın Classic (Klasik) Antrasit Sweatshirt,Sweatshirt,Antrasit,Classic (Klasik),409.99
Kadın Sportswear (Spor) Haki Kazak,Kazak,Haki,Sportswear (Spor),409.99
Erkek Sportswear (Spor) Antrasit Çanta,Çanta,Antrasit,Sportswear (Spor),669.99
Genç (Trikotaj/Trend) Retro Mor İç Çamaşırı,İç Çamaşırı,Mor,Retro,499.99
Çocuk Basic Çok Renkli Kemer,Kemer,Çok Renkli,Basic,239.99
Erkek Retro Mor Kazak,Kazak,Mor,Retro,429.99
Çocuk Casual (Günlük) Bej Çorap,Çorap,Bej,Casual (Günlük),139.99
Erkek Formal Bordo Sweatshirt,Sweatshirt,Bordo,Formal,699.99
Erkek Casual (Günlük) Mor Çorap,Çorap,Mor,Casual (Günlük),109.99
Erkek Classic (Klasik) Bej Sweatshirt,Sweatshirt,Bej,Classic (Klasik),549.99
Genç (Trikotaj/Trend) Bohem Çok Renkli Çanta,Çanta,Çok Renkli,Bohem,569.99
Genç (Trikotaj/Trend) Casual (Günlük) Turkuaz Çorap,Çorap,Turkuaz,Casual (Günlük),149.99
Kadın Basic Turkuaz Çorap,Çorap,Turkuaz,Basic,129.99
Genç (Trikotaj/Trend) Sportswear (Spor) Kahverengi Çanta,Çanta,Kahverengi,Sportswear (Spor),529.99
Erkek Basic Mor Gömlek,Gömlek,Mor,Basic,639.99
Kadın Casual (Günlük) Bordo Pantolon,Pantolon,Bordo,Casual (Günlük),719.99
Bebek Sportswear (Spor) Mor Ceket,Ceket,Mor,Sportswear (Spor),1169.99
Çocuk Bohem Sarı Sweatshirt,Sweatshirt,Sarı,Bohem,699.99
Genç (Trikotaj/Trend) Casual (Günlük) Ekru Pijama Takımı,Pijama Takımı,Ekru,Casual (Günlük),479.99
Çocuk Classic (Klasik) Lacivert Şort,Şort,Lacivert,Classic (Klasik),399.99
Çocuk Formal Turuncu Terlik,Terlik,Turuncu,Formal,199.99
Çocuk Classic (Klasik) Antrasit Çanta,Çanta,Antrasit,Classic (Klasik),509.99
Çocuk Formal Antrasit Kemer,Kemer,Antrasit,Formal,329.99
Genç (Trikotaj/Trend) Classic (Klasik) Antrasit Eşofman Alti,Eşofman Alti,Antrasit,Classic (Klasik),599.99
Bebek Basic Hardal Etek,Etek,Hardal,Basic,559.99
Erkek Bohem Bordo Kazak,Kazak,Bordo,Bohem,549.99
Erkek Basic Sarı Ayakkabı,Ayakkabı,Sarı,Basic,909.99
Kadın Basic Kırmızı Etek,Etek,Kırmızı,Basic,669.99
Kadın Sportswear (Spor) Mavi İç Çamaşırı,İç Çamaşırı,Mavi,Sportswear (Spor),239.99
Çocuk Classic (Klasik) Lacivert Kazak,Kazak,Lacivert,Classic (Klasik),379.99
Genç (Trikotaj/Trend) Casual (Günlük) Hardal Ayakkabı,Ayakkabı,Hardal,Casual (Günlük),769.99
Kadın Bohem Çok Renkli Şort,Şort,Çok Renkli,Bohem,319.99
Kadın Sportswear (Spor) Kırmızı Kazak,Kazak,Kırmızı,Sportswear (Spor),479.99
Bebek Basic Beyaz Çorap,Çorap,Beyaz,Basic,119.99
Genç (Trikotaj/Trend) Formal Mor Ceket,Ceket,Mor,Formal,919.99
Genç (Trikotaj/Trend) Streetwear (Sokak) Yeşil Çorap,Çorap,Yeşil,Streetwear (Sokak),129.99
Kadın Basic Kahverengi Etek,Etek,Kahverengi,Basic,439.99
Bebek Formal Mor Kemer,Kemer,Mor,Formal,229.99
Genç (Trikotaj/Trend) Bohem Bordo Eşofman Alti,Eşofman Alti,Bordo,Bohem,519.99
Genç (Trikotaj/Trend) Sportswear (Spor) Mavi Hırka,Hırka,Mavi,Sportswear (Spor),739.99
Bebek Basic Beyaz Elbise,Elbise,Beyaz,Basic,619.99
Genç (Trikotaj/Trend) Classic (Klasik) Gri Terlik,Terlik,Gri,Classic (Klasik),339.99
Kadın Formal Lacivert Etek,Etek,Lacivert,Formal,699.99
Kadın Bohem Bordo Çorap,Çorap,Bordo,Bohem,109.99
Bebek Basic Yeşil Pantolon,Pantolon,Yeşil,Basic,399.99
Erkek Bohem Pembe T-Shirt,T-Shirt,Pembe,Bohem,319.99
Kadın Bohem Sarı Ayakkabı,Ayakkabı,Sarı,Bohem,619.99
Kadın Casual (Günlük) Sarı Pantolon,Pantolon,Sarı,Casual (Günlük),729.99
Çocuk Sportswear (Spor) Gri Şort,Şort,Gri,Sportswear (Spor),439.99
Çocuk Retro Beyaz Kazak,Kazak,Beyaz,Retro,639.99
Bebek Casual (Günlük) Kahverengi Kazak,Kazak,Kahverengi,Casual (Günlük),379.99
Çocuk Streetwear (Sokak) Siyah Pantolon,Pantolon,Siyah,Streetwear (Sokak),539.99
Genç (Trikotaj/Trend) Bohem Hardal Kazak,Kazak,Hardal,Bohem,579.99
Kadın Formal Bej Jean,Jean,Bej,Formal,899.99
Kadın Bohem Beyaz Jean,Jean,Beyaz,Bohem,599.99
Erkek Classic (Klasik) Mor Çanta,Çanta,Mor,Classic (Klasik),429.99
Genç (Trikotaj/Trend) Casual (Günlük) Çok Renkli İç Çamaşırı,İç Çamaşırı,Çok Renkli,Casual (Günlük),549.99
Kadın Sportswear (Spor) Turkuaz Ayakkabı,Ayakkabı,Turkuaz,Sportswear (Spor),989.99
Erkek Basic Pembe Etek,Etek,Pembe,Basic,409.99
Bebek Sportswear (Spor) Turkuaz Ceket,Ceket,Turkuaz,Sportswear (Spor),1739.99
Çocuk Classic (Klasik) Bordo Pantolon,Pantolon,Bordo,Classic (Klasik),689.99
Genç (Trikotaj/Trend) Casual (Günlük) Hardal Ayakkabı,Ayakkabı,Hardal,Casual (Günlük),769.99
Erkek Bohem Kahverengi Eşofman Alti,Eşofman Alti,Kahverengi,Bohem,349.99
Erkek Basic Haki Sweatshirt,Sweatshirt,Haki,Basic,599.99
Kadın Classic (Klasik) Sarı Pantolon,Pantolon,Sarı,Classic (Klasik),729.99
Kadın Casual (Günlük) Ekru Kemer,Kemer,Ekru,Casual (Günlük),339.99
Çocuk Sportswear (Spor) Hardal Sweatshirt,Sweatshirt,Hardal,Sportswear (Spor),379.99
Kadın Sportswear (Spor) Kahverengi Çorap,Çorap,Kahverengi,Sportswear (Spor),139.99
Erkek Formal Mor Pantolon,Pantolon,Mor,Formal,809.99
Kadın Casual (Günlük) Beyaz Mont,Mont,Beyaz,Casual (Günlük),1209.99
Genç (Trikotaj/Trend) Bohem Bej Şort,Şort,Bej,Bohem,379.99
Çocuk Casual (Günlük) Kahverengi Terlik,Terlik,Kahverengi,Casual (Günlük),249.99
Çocuk Casual (Günlük) Bej Mont,Mont,Bej,Casual (Günlük),1259.99
Erkek Basic Haki Şort,Şort,Haki,Basic,219.99
Bebek Bohem Turuncu Pijama Takımı,Pijama Takımı,Turuncu,Bohem,479.99
Bebek Retro Kırmızı Şort,Şort,Kırmızı,Retro,439.99
Çocuk Classic (Klasik) Bordo Sweatshirt,Sweatshirt,Bordo,Classic (Klasik),549.99
Bebek Sportswear (Spor) Lacivert Pijama Takımı,Pijama Takımı,Lacivert,Sportswear (Spor),589.99
Çocuk Classic (Klasik) Bej Terlik,Terlik,Bej,Classic (Klasik),349.99
Çocuk Formal Ekru Pantolon,Pantolon,Ekru,Formal,809.99
Bebek Sportswear (Spor) Çok Renkli Çorap,Çorap,Çok Renkli,Sportswear (Spor),99.99
Bebek Casual (Günlük) Sarı Çorap,Çorap,Sarı,Casual (Günlük),79.99
Bebek Formal Çok Renkli Sweatshirt,Sweatshirt,Çok Renkli,Formal,499.99
Bebek Basic Lacivert Gömlek,Gömlek,Lacivert,Basic,299.99
Erkek Sportswear (Spor) Kırmızı Ayakkabı,Ayakkabı,Kırmızı,Sportswear (Spor),1049.99
Erkek Sportswear (Spor) Mor Çanta,Çanta,Mor,Sportswear (Spor),559.99
Çocuk Basic Yeşil Pantolon,Pantolon,Yeşil,Basic,849.99
Erkek Sportswear (Spor) Turkuaz Eşofman Alti,Eşofman Alti,Turkuaz,Sportswear (Spor),499.99
Çocuk Retro Sarı Çorap,Çorap,Sarı,Retro,109.99
Kadın Basic Turkuaz Pantolon,Pantolon,Turkuaz,Basic,489.99
Çocuk Streetwear (Sokak) Ekru Eşofman Alti,Eşofman Alti,Ekru,Streetwear (Sokak),359.99
Kadın Retro Siyah Jean,Jean,Siyah,Retro,789.99
Genç (Trikotaj/Trend) Classic (Klasik) Turuncu Ayakkabı,Ayakkabı,Turuncu,Classic (Klasik),979.99
Bebek Streetwear (Sokak) Haki Elbise,Elbise,Haki,Streetwear (Sokak),889.99
Bebek Streetwear (Sokak) Bej Çanta,Çanta,Bej,Streetwear (Sokak),489.99
Erkek Retro Antrasit Jean,Jean,Antrasit,Retro,739.99
Erkek Basic Mor Hırka,Hırka,Mor,Basic,739.99
Genç (Trikotaj/Trend) Formal Lacivert Sweatshirt,Sweatshirt,Lacivert,Formal,559.99
Kadın Basic Kırmızı Etek,Etek,Kırmızı,Basic,669.99
Erkek Streetwear (Sokak) Yeşil Ayakkabı,Ayakkabı,Yeşil,Streetwear (Sokak),1169.99
Bebek Casual (Günlük) Yeşil Kazak,Kazak,Yeşil,Casual (Günlük),469.99
Genç (Trikotaj/Trend) Basic Hardal Sweatshirt,Sweatshirt,Hardal,Basic,469.99
Kadın Classic (Klasik) Hardal Çorap,Çorap,Hardal,Classic (Klasik),79.99
Bebek Retro Bej Pantolon,Pantolon,Bej,Retro,839.99
Bebek Classic (Klasik) Pembe Ayakkabı,Ayakkabı,Pembe,Classic (Klasik),1099.99
Erkek Retro Ekru Kazak,Kazak,Ekru,Retro,569.99
Çocuk Sportswear (Spor) Bordo Çorap,Çorap,Bordo,Sportswear (Spor),139.99
Kadın Sportswear (Spor) Turkuaz Terlik,Terlik,Turkuaz,Sportswear (Spor),279.99
Erkek Classic (Klasik) Bordo Pijama Takımı,Pijama Takımı,Bordo,Classic (Klasik),739.99
Çocuk Sportswear (Spor) Antrasit Ayakkabı,Ayakkabı,Antrasit,Sportswear (Spor),609.99
Kadın Basic Ekru Hırka,Hırka,Ekru,Basic,729.99
Erkek Formal Bej Ayakkabı,Ayakkabı,Bej,Formal,949.99
Çocuk Sportswear (Spor) Hardal Mont,Mont,Hardal,Sportswear (Spor),1179.99
Genç (Trikotaj/Trend) Classic (Klasik) Çok Renkli Etek,Etek,Çok Renkli,Classic (Klasik),739.99
Genç (Trikotaj/Trend) Sportswear (Spor) Kırmızı Ayakkabı,Ayakkabı,Kırmızı,Sportswear (Spor),1239.99
Genç (Trikotaj/Trend) Basic Çok Renkli Hırka,Hırka,Çok Renkli,Basic,599.99
Erkek Classic (Klasik) Beyaz Kemer,Kemer,Beyaz,Classic (Klasik),159.99
Çocuk Streetwear (Sokak) Turkuaz Gömlek,Gömlek,Turkuaz,Streetwear (Sokak),389.99
Genç (Trikotaj/Trend) Casual (Günlük) Pembe Kemer,Kemer,Pembe,Casual (Günlük),149.99
Çocuk Formal Hardal İç Çamaşırı,İç Çamaşırı,Hardal,Formal,339.99
Bebek Formal Yeşil İç Çamaşırı,İç Çamaşırı,Yeşil,Formal,549.99
Erkek Sportswear (Spor) Lacivert Çorap,Çorap,Lacivert,Sportswear (Spor),99.99
Bebek Retro Pembe Çorap,Çorap,Pembe,Retro,99.99
Genç (Trikotaj/Trend) Sportswear (Spor) Ekru Mont,Mont,Ekru,Sportswear (Spor),1699.99
Çocuk Bohem Ekru Şort,Şort,Ekru,Bohem,359.99
Genç (Trikotaj/Trend) Classic (Klasik) Sarı Kazak,Kazak,Sarı,Classic (Klasik),519.99
Bebek Classic (Klasik) Yeşil Şort,Şort,Yeşil,Classic (Klasik),229.99
Kadın Sportswear (Spor) Mor Elbise,Elbise,Mor,Sportswear (Spor),799.99
Çocuk Bohem Beyaz Jean,Jean,Beyaz,Bohem,719.99
Kadın Sportswear (Spor) Pembe Çanta,Çanta,Pembe,Sportswear (Spor),389.99
Çocuk Streetwear (Sokak) Turkuaz Şort,Şort,Turkuaz,Streetwear (Sokak),229.99
Genç (Trikotaj/Trend) Retro Kahverengi Hırka,Hırka,Kahverengi,Retro,519.99
Bebek Casual (Günlük) Bej İç Çamaşırı,İç Çamaşırı,Bej,Casual (Günlük),249.99
Genç (Trikotaj/Trend) Retro Turuncu Pantolon,Pantolon,Turuncu,Retro,549.99
Genç (Trikotaj/Trend) Basic Mavi Ceket,Ceket,Mavi,Basic,1259.99
Çocuk Retro Beyaz Gömlek,Gömlek,Beyaz,Retro,439.99
Çocuk Casual (Günlük) Kahverengi Çanta,Çanta,Kahverengi,Casual (Günlük),439.99
Kadın Formal Pembe Jean,Jean,Pembe,Formal,759.99
Çocuk Casual (Günlük) Turuncu Sweatshirt,Sweatshirt,Turuncu,Casual (Günlük),679.99
Genç (Trikotaj/Trend) Streetwear (Sokak) Beyaz Eşofman Alti,Eşofman Alti,Beyaz,Streetwear (Sokak),509.99
Çocuk Classic (Klasik) Hardal Sweatshirt,Sweatshirt,Hardal,Classic (Klasik),519.99
Bebek Formal Bordo Eşofman Alti,Eşofman Alti,Bordo,Formal,359.99
Erkek Sportswear (Spor) Çok Renkli Çanta,Çanta,Çok Renkli,Sportswear (Spor),699.99
